{"cameraMode":{"drawMode":0,"name":"Shaded","section":"Shading Mode"},"sceneLighting":false,"audioPlay":false,"sceneViewState":{"showFog":true,"showMaterialUpdate":false,"showSkybox":false,"showFlares":true,"showImageEffects":true,"showParticleSystems":true},"in2DMode":false,"pivot":{"x":-0.002910461276769638,"y":0.08004032075405121,"z":0.0},"rotation":{"x":-0.08719831705093384,"y":0.003583434969186783,"z":-0.0003121781919617206,"w":-0.9961893558502197},"size":0.1739252805709839,"orthographic":false}