{"cameraMode":{"drawMode":0,"name":"Shaded","section":"Shading Mode"},"sceneLighting":false,"audioPlay":false,"sceneViewState":{"showFog":true,"showMaterialUpdate":false,"showSkybox":false,"showFlares":true,"showImageEffects":true,"showParticleSystems":true},"in2DMode":false,"pivot":{"x":-0.699999988079071,"y":-3.7799999713897707,"z":0.0},"rotation":{"x":-0.07523155957460404,"y":0.014055248349905014,"z":-0.001087465207092464,"w":-0.9970777630805969},"size":0.26842746138572695,"orthographic":false}