{"cameraMode":{"drawMode":0,"name":"Shaded","section":"Shading Mode"},"sceneLighting":false,"audioPlay":false,"sceneViewState":{"showFog":true,"showMaterialUpdate":false,"showSkybox":false,"showFlares":true,"showImageEffects":true,"showParticleSystems":true},"in2DMode":false,"pivot":{"x":-0.0023275762796401979,"y":-0.08614349365234375,"z":0.0},"rotation":{"x":-0.15711478888988496,"y":0.022804519161581994,"z":-0.003656232263892889,"w":-0.9873217344284058},"size":0.4673328697681427,"orthographic":false}