{"cameraMode":{"drawMode":0,"name":"Shaded","section":"Shading Mode"},"sceneLighting":false,"audioPlay":false,"sceneViewState":{"showFog":true,"showMaterialUpdate":false,"showSkybox":false,"showFlares":true,"showImageEffects":true,"showParticleSystems":true},"in2DMode":false,"pivot":{"x":0.0559999942779541,"y":3.359999895095825,"z":0.0},"rotation":{"x":-0.001808942062780261,"y":-0.015902267768979074,"z":0.000029781056582578458,"w":-0.9998785257339478},"size":0.7876706123352051,"orthographic":false}