{"cameraMode":{"drawMode":0,"name":"Shaded","section":"Shading Mode"},"sceneLighting":false,"audioPlay":false,"sceneViewState":{"showFog":true,"showMaterialUpdate":false,"showSkybox":false,"showFlares":true,"showImageEffects":true,"showParticleSystems":true},"in2DMode":false,"pivot":{"x":0.07603051513433457,"y":1.468651533126831,"z":0.011071708053350449},"rotation":{"x":0.013189688324928284,"y":0.009597009979188443,"z":0.00009956313442671672,"w":-0.9998778700828552},"size":0.34597599506378176,"orthographic":false}