{"cameraMode":{"drawMode":0,"name":"Shaded","section":"Shading Mode"},"sceneLighting":false,"audioPlay":false,"sceneViewState":{"showFog":true,"showMaterialUpdate":false,"showSkybox":false,"showFlares":true,"showImageEffects":true,"showParticleSystems":true},"in2DMode":false,"pivot":{"x":0.0005818940699100494,"y":0.021535873413085939,"z":0.0},"rotation":{"x":-0.08719831705093384,"y":0.003583434969186783,"z":-0.0003121781919617206,"w":-0.9961893558502197},"size":1.0168333053588868,"orthographic":false}