{"cameraMode":{"drawMode":0,"name":"Shaded","section":"Shading Mode"},"sceneLighting":false,"audioPlay":false,"sceneViewState":{"showFog":true,"showMaterialUpdate":false,"showSkybox":false,"showFlares":true,"showImageEffects":true,"showParticleSystems":true},"in2DMode":false,"pivot":{"x":-1.8862019777297974,"y":8.914291381835938,"z":0.9290275573730469},"rotation":{"x":-0.001808942062780261,"y":-0.015902267768979074,"z":0.000029781056582578458,"w":-0.9998785257339478},"size":0.8722233176231384,"orthographic":false}